tf,start,stop,strand,score,Pvalue,q-value,sequence
kr,615,623,-,12.2367,8.94E-06,0.0158,AACGGGTTA
vfl,636,643,+,13.7178,1.21E-05,0.0211,GCAGGTAG
bcd,138,145,+,10.2024,3.26E-05,0.0279,TTAATCCG
bcd,402,409,-,9.94048,4.72E-05,0.0279,CTAATCCC
bcd,523,530,-,9.94048,4.72E-05,0.0279,CTAATCCC
kr,139,147,-,9.60355,0.000136,0.0958,AACGGATTA
kr,521,529,+,9.3432,0.000163,0.0958,AAGGGATTA
gt,57,70,+,9.4759,0.000165,0.291,CGGTACTGCATAAC
slp,393,400,-,9.59406,0.000167,0.252,GCAAACAA
hb,581,588,+,9.94521,0.000225,0.24,TTTTTTGC
kr,571,579,+,8.71598,0.000272,0.1,ACTGGGTTA
hb,664,671,+,9.68493,0.000273,0.24,TTTTTTGG
kr,52,60,-,8.56805,0.000284,0.1,ACCGGGTAA
gt,253,266,-,8.21084,0.000339,0.299,GCGTGTTACCAAAC
kr,326,334,+,8.26627,0.000377,0.111,ACCGGGTTG
hb,496,503,-,9.16438,0.000407,0.24,GTTTTTAT
slp,385,392,-,8.42079,0.000425,0.252,ACAAACAA
slp,389,396,-,8.42079,0.000425,0.252,ACAAACAA
kr,4,12,-,7.95858,0.000506,0.128,ATTGGGTTA
bcd,610,617,-,8.16071,0.000582,0.244,TTAAGCTC
bcd,158,165,-,7.8631,0.000688,0.244,ATAATCTC
kr,467,475,-,7.36095,0.000874,0.193,AAGGGATTG
hb,580,587,+,7.67808,0.000968,0.283,TTTTTTTG
hb,663,670,+,7.67808,0.000968,0.283,TTTTTTTG
vfl,537,544,+,6.89109,0.00108,0.701,GCAGGTCC
hb,579,586,+,7.32192,0.00112,0.283,ATTTTTTT
hb,662,669,+,7.32192,0.00112,0.283,ATTTTTTT
slp,48,55,-,7.24257,0.00113,0.505,GTAACCAG
kr,839,847,+,6.95266,0.00117,0.22,ACTGGGTTC
gt,249,262,+,5.83735,0.0012,0.599,CGCAGTTTGGTAAC
vfl,44,51,-,6.82178,0.0012,0.701,CCAGGAAG
kr,412,420,+,6.84024,0.00125,0.22,AAGGGCTTG
bcd,430,437,+,7.03571,0.00125,0.247,CCAATCCC
bcd,454,461,+,7.03571,0.00125,0.247,CCAATCCC
bcd,460,467,+,7.03571,0.00125,0.247,CCAATCCC
bcd,466,473,+,7.03571,0.00125,0.247,CCAATCCC
kr,558,566,+,6.69231,0.00142,0.221,AACGGACTA
kr,444,452,-,6.57988,0.0015,0.221,ATCGGGCTA
gt,222,235,+,5.37349,0.00151,0.599,CTTTATTGCAGCAT
gt,327,340,+,5.13253,0.0017,0.599,CCGGGTTGCGAAGT
vfl,871,878,+,5.85644,0.00189,0.738,GCGGGCAG
hb,385,392,+,5.97945,0.00192,0.348,TTGTTTGT
hb,389,396,+,5.97945,0.00192,0.348,TTGTTTGT
hb,479,486,+,5.96575,0.00197,0.348,CTTTTCAT
bcd,601,608,+,6.28571,0.00209,0.317,CTGATCCG
kr,738,746,-,6.08284,0.00215,0.292,ACCGGGATA
bcd,560,567,-,6.22619,0.00221,0.317,CTAGTCCG
bcd,414,421,-,6.125,0.0023,0.317,TCAAGCCC
bcd,591,598,-,6.1131,0.00234,0.317,CTAAGTCG
slp,498,505,+,5.87129,0.00235,0.697,AAAAACAC
hb,793,800,+,5.61644,0.00246,0.384,TGTTTTGC
bcd,310,317,+,5.99405,0.0025,0.317,ATAATCGC
slp,135,142,-,5.79208,0.00254,0.697,ATTAACAC
gt,689,702,-,4.21687,0.00258,0.757,GCCACTTGCGCAAG
hb,785,792,-,5.44521,0.00261,0.384,TTTATTAT
slp,496,503,+,5.5099,0.00296,0.697,ATAAAAAC
bcd,103,110,+,5.75595,0.00297,0.35,AAAAGCTG
kr,474,482,-,5.53254,0.00315,0.397,AAAGGACAA
slp,581,588,-,5.10396,0.00315,0.697,GCAAAAAA
vfl,694,701,+,5.29703,0.00316,0.738,GCAAGTGG
vfl,701,708,+,5.29703,0.00316,0.738,GCAAGTGG
gt,685,698,+,3.75301,0.00316,0.797,CTAACTTGCGCAAG
bcd,822,829,-,5.58333,0.00341,0.358,TTAATTTG
bcd,614,621,+,5.56548,0.00344,0.358,TTAACCCG
vfl,250,257,+,5.0198,0.00364,0.738,GCAGTTTG
hb,393,400,+,4.71233,0.00379,0.489,TTGTTTGC
gt,16,29,-,3.33735,0.0038,0.807,GCCAGTTACTTCAA
hb,817,824,+,4.63699,0.00387,0.489,CTTTTCAA
bcd,624,631,+,5.375,0.0039,0.384,TTGAGCCG
vfl,543,550,+,4.91584,0.00398,0.738,CCAGGCAA
vfl,52,59,-,4.91584,0.00398,0.738,CCGGGTAA
gt,164,177,-,3.15663,0.00412,0.807,TGCAATTGACTAAT
bcd,826,833,+,5.27976,0.00416,0.388,TTAAGTCC
slp,237,244,+,4.58911,0.00434,0.697,TTGAACAA
slp,771,778,-,4.5198,0.00446,0.697,ATAATCAT
bcd,771,778,-,5.13095,0.00457,0.405,ATAATCAT
vfl,55,62,+,4.20297,0.00475,0.738,CCCGGTAC
slp,126,133,-,4.37129,0.00509,0.697,GCACACAC
slp,143,150,-,4.37129,0.00509,0.697,GCAAACGG
slp,710,717,-,4.37129,0.00509,0.697,GCAAACCG
vfl,747,754,+,3.92574,0.00519,0.738,CCTGGTAC
bcd,594,601,+,4.83929,0.00554,0.467,CTTAGCCC
kr,596,604,-,4.63314,0.00555,0.604,TCAGGGCTA
slp,255,262,-,4.32673,0.00555,0.706,GTTACCAA
gt,264,277,+,2.44578,0.00556,0.812,CGCTGTGCCATACT
hb,100,107,-,3.92466,0.00558,0.555,CTTTTCGA
vfl,153,160,+,3.91584,0.00559,0.738,TCAGCGAG
gt,543,556,+,2.37349,0.00572,0.812,CCAGGCAACGCAAT
kr,259,267,-,4.55621,0.00582,0.604,AGCGTGTTA
hb,66,73,-,3.80822,0.00592,0.555,ATTGTTAT
kr,75,83,-,4.50296,0.00601,0.604,TTCGGGTTC
vfl,21,28,-,3.64356,0.00604,0.738,CCAGTTAC
vfl,86,93,-,3.64356,0.00604,0.738,CCAGTTAC
hb,665,672,+,3.76712,0.00608,0.555,TTTTTGGC
kr,845,853,-,4.45562,0.00616,0.604,AAATGGGAA
gt,547,560,-,2.18072,0.00619,0.812,GTTAATTGCGTTGC
bcd,11,18,+,4.66071,0.0063,0.507,ATAATTTG
hb,577,584,+,3.70548,0.00635,0.555,TTATTTTT
gt,331,344,-,2.09036,0.00641,0.812,CCTGACTTCGCAAC
gt,401,414,+,2.07831,0.00645,0.812,TGGGATTAGCCAAG
hb,620,627,+,3.58904,0.00682,0.555,CGTTTTGA
hb,506,513,-,3.56164,0.00687,0.555,ATTATTAT
hb,497,504,-,3.54795,0.0069,0.555,TGTTTTTA
vfl,764,771,+,3.39604,0.00702,0.738,GCTGGGAA
hb,722,729,-,3.4726,0.00718,0.555,TCTTTTGG
hb,223,230,+,3.46575,0.00722,0.555,TTTATTGC
gt,825,838,-,1.69277,0.00752,0.846,TGCCGGGACTTAAT
hb,494,501,-,3.38356,0.00754,0.556,TTTTATGA
slp,114,121,-,3.5099,0.00778,0.86,AGAAACCA
kr,39,47,-,4.05325,0.00784,0.709,GAAGGATAC
vfl,629,636,+,3.16832,0.00797,0.738,CCGGGCAG
kr,217,225,-,4.00592,0.00803,0.709,AAAGTCTAA
slp,3,10,+,3.43069,0.00821,0.86,ATAACCCA
slp,573,580,-,3.43069,0.00821,0.86,ATAACCCA
bcd,680,687,+,4.15476,0.00843,0.649,CCAAGCTA
gt,792,805,+,1.33133,0.00868,0.846,ATGTTTTGCCCAAC
hb,810,817,-,2.93151,0.00885,0.626,GTTTTCGG
vfl,279,286,+,3.07921,0.00898,0.738,TCATTTAG
vfl,875,882,+,2.9604,0.00908,0.738,GCAGGGGC
vfl,830,837,-,2.9604,0.00908,0.738,GCCGGGAC
gt,821,834,+,1.20482,0.00912,0.846,TCAAATTAAGTCCC
hb,578,585,+,2.75342,0.00938,0.638,TATTTTTT
vfl,327,334,+,2.89109,0.00939,0.738,CCGGGTTG
kr,132,140,+,3.70414,0.00959,0.734,GCCGTGTTA
kr,520,528,+,3.70414,0.00959,0.734,GAAGGGATT
vfl,686,693,-,2.83663,0.00989,0.738,GCAAGTTA
slp,124,131,-,3.19802,0.0101,0.941,ACACACAG
slp,381,388,-,3.19802,0.0101,0.941,ACAAACGC
vfl,28,35,+,2.68317,0.0102,0.738,GCAGGAGC
bcd,659,666,-,3.78571,0.0103,0.761,AAAATCGT
vfl,730,737,+,2.67822,0.0104,0.738,GGAGGCAC
kr,426,434,-,3.56213,0.0104,0.734,ATTGGATTC
vfl,35,42,+,2.66337,0.0106,0.738,CGAGGTAT
vfl,24,31,+,2.61386,0.0108,0.738,ACTGGCAG
kr,769,777,+,3.46746,0.0109,0.734,GAATGATTA
slp,257,264,+,3.11386,0.0111,0.941,GGTAACAC
slp,113,120,-,3.11386,0.0111,0.941,GAAACCAG
hb,486,493,-,2.36986,0.0111,0.706,CTTTCTAA
vfl,120,127,-,2.60891,0.0115,0.738,ACAGCGAG
vfl,568,575,-,2.60891,0.0115,0.738,CCAGTTCG
kr,570,578,+,3.35503,0.0116,0.734,AACTGGGTT
kr,696,704,+,3.35503,0.0116,0.734,AAGTGGCAA
kr,838,846,+,3.35503,0.0116,0.734,AACTGGGTT
gt,81,94,-,0.566265,0.0117,0.846,CCCAGTTACGGTTC
vfl,552,559,+,2.55446,0.0118,0.738,GCAATTAA
kr,725,733,+,3.31361,0.012,0.734,AAAGAGGAG
gt,61,74,-,0.475904,0.0121,0.846,CATTGTTATGCAGT
gt,556,569,-,0.427711,0.0123,0.846,CGCTAGTCCGTTAA
hb,495,502,-,2.15068,0.0124,0.706,TTTTTATG
vfl,175,182,+,2.40099,0.0124,0.747,GCAGTTGC
hb,850,857,+,2.11644,0.0125,0.706,ATTTTCCA
hb,857,864,+,2.11644,0.0125,0.706,ATTTTCCA
bcd,887,894,+,3.3869,0.0126,0.867,ATTATCTC
bcd,827,834,+,3.3631,0.0128,0.867,TAAGTCCC
hb,161,168,+,2.03425,0.0128,0.706,ATTATTAG
gt,796,809,-,0.301205,0.0129,0.846,TTTCGTTGGGCAAA
hb,723,730,-,2.00685,0.013,0.706,CTCTTTTG
gt,801,814,-,0.216867,0.0133,0.846,TTCGGTTTCGTTGG
kr,844,852,-,3.09467,0.0134,0.734,AATGGGAAC
kr,211,219,+,3.07692,0.0136,0.734,TTCGAGTTA
vfl,95,102,+,2.33168,0.0136,0.747,ACAGATCG
vfl,753,760,+,2.33168,0.0136,0.747,ACAGTTGG
kr,432,440,-,3.06509,0.0137,0.734,ATCGGGATT
vfl,213,220,+,2.32673,0.0138,0.747,CGAGTTAG
gt,232,245,+,0.108434,0.0138,0.846,GCATCTTGAACAAT
bcd,552,559,-,3.16667,0.014,0.867,TTAATTGC
kr,197,205,-,3.01183,0.014,0.734,AACGAGGAC
vfl,756,763,+,2.12376,0.0141,0.747,GTTGGTAC
kr,46,54,+,2.99408,0.0142,0.734,TCCTGGTTA
kr,204,212,-,2.99408,0.0142,0.734,AAAGTGAAA
kr,614,622,-,2.94083,0.0146,0.734,ACGGGTTAA
bcd,304,311,-,3.08333,0.0147,0.867,ATAGTCCA
gt,69,82,-,-0.0662651,0.0147,0.846,TCGGGTTCCATTGT
hb,851,858,+,1.67123,0.0148,0.706,TTTTCCAT
hb,858,865,+,1.67123,0.0148,0.706,TTTTCCAT
bcd,219,226,-,3.07143,0.0148,0.867,TAAAGTCT
gt,3,16,-,-0.108434,0.015,0.846,AATTATTGGGTTAT
kr,852,860,-,2.88166,0.015,0.737,AAATGGAAA
slp,577,584,-,2.67327,0.0151,1,AAAAATAA
vfl,685,692,-,2.0495,0.0152,0.756,CAAGTTAG
hb,582,589,+,1.61644,0.0152,0.706,TTTTTGCG
vfl,340,347,+,2.01485,0.0153,0.756,TCAGGGCA
slp,785,792,+,2.59406,0.0154,1,ATAATAAA
hb,811,818,-,1.58219,0.0155,0.706,AGTTTTCG
gt,160,173,+,-0.210843,0.0155,0.846,GATTATTAGTCAAT
hb,721,728,-,1.5411,0.0158,0.706,CTTTTGGG
gt,313,326,-,-0.271084,0.0158,0.846,TCTCGTTGTGCGAT
bcd,241,248,+,2.91071,0.016,0.867,ACAATCGT
gt,330,343,+,-0.295181,0.016,0.846,GGTTGCGAAGTCAG
bcd,672,679,+,2.90476,0.016,0.867,CCAAACCT
gt,284,297,-,-0.319277,0.0161,0.846,CTCGATTCCGTCTA
hb,621,628,+,1.4589,0.0163,0.706,GTTTTGAG
hb,384,391,+,1.44521,0.0164,0.706,TTTGTTTG
hb,388,395,+,1.44521,0.0164,0.706,TTTGTTTG
hb,392,399,+,1.44521,0.0164,0.706,TTTGTTTG
kr,187,195,-,2.70414,0.0165,0.75,AAAGCGAAA
kr,411,419,+,2.69822,0.0165,0.75,CAAGGGCTT
bcd,436,443,+,2.83333,0.0166,0.867,CCGATCCC
bcd,448,455,+,2.83333,0.0166,0.867,CCGATCCC
kr,33,41,+,2.69231,0.0166,0.75,AGCGAGGTA
vfl,375,382,-,1.64356,0.0168,0.756,GCCCGCAG
vfl,533,540,+,1.64356,0.0168,0.756,GCGCGCAG
vfl,869,876,-,1.64356,0.0168,0.756,GCCCGCAG
hb,237,244,-,1.36986,0.017,0.71,TTGTTCAA
gt,188,201,+,-0.46988,0.017,0.846,TTCGCTTTCGTCCT
slp,792,799,-,2.10396,0.0171,1,CAAAACAT
gt,770,783,+,-0.5,0.0172,0.846,AATGATTATATCAT
kr,616,624,-,2.6213,0.0173,0.75,AAACGGGTT
hb,8,15,-,1.32192,0.0173,0.71,ATTATTGG
bcd,251,258,-,2.7619,0.0174,0.867,CCAAACTG
kr,652,660,-,2.59763,0.0174,0.75,GTGGGGTCC
gt,599,612,+,-0.560241,0.0175,0.846,CCCTGATCCGCGAG
vfl,556,563,-,1.45545,0.0176,0.756,TCCGTTAA
gt,512,525,-,-0.578313,0.0176,0.846,CCCTTCGACATCAT
bcd,3,10,+,2.70833,0.0177,0.867,ATAACCCA
bcd,573,580,-,2.70833,0.0177,0.867,ATAACCCA
gt,717,730,-,-0.584337,0.0177,0.846,CTCTTTTGGGCCAG
hb,498,505,-,1.21233,0.0177,0.711,GTGTTTTT
vfl,399,406,+,1.42574,0.0178,0.756,GCTGGGAT
vfl,708,715,+,1.42574,0.0178,0.756,GCCGGTTT
gt,174,187,+,-0.638554,0.018,0.846,TGCAGTTGCAGCGT
bcd,805,812,+,2.64881,0.0181,0.867,CGAAACCG
gt,126,139,+,-0.674699,0.0183,0.846,GTGTGTGCCGTGTT
hb,485,492,-,1.08219,0.0184,0.723,TTTCTAAT
gt,12,25,+,-0.783133,0.019,0.846,TAATTTGAAGTAAC
gt,77,90,+,-0.807229,0.0191,0.846,ACCCGAACCGTAAC
vfl,633,640,+,1.36634,0.0192,0.756,GCAGCAGG
vfl,646,653,+,1.36634,0.0192,0.756,GTGGGTGG
slp,310,317,+,1.86139,0.0194,1,ATAATCGC
slp,555,562,+,1.86139,0.0194,1,ATTAACGG
vfl,31,38,+,1.36139,0.0194,0.756,GGAGCGAG
gt,729,742,-,-0.873494,0.0195,0.846,GGATAGTGCCTCCT
gt,143,156,+,-0.885542,0.0196,0.846,CCGTTTGCCATCAG
gt,774,787,-,-0.891566,0.0197,0.846,TATGATGATATAAT
vfl,254,261,+,1.17822,0.0199,0.756,TTTGGTAA
kr,475,483,-,2.31953,0.0201,0.762,AAAAGGACA
bcd,425,432,+,2.43452,0.0201,0.926,GGAATCCA
vfl,17,24,+,1.17327,0.0201,0.756,TGAAGTAA
kr,89,97,+,2.30769,0.0202,0.762,ACTGGGACA
bcd,673,680,+,2.40476,0.0204,0.926,CAAACCTC
kr,595,603,-,2.25444,0.0207,0.762,CAGGGCTAA
gt,501,514,-,-1.05422,0.0208,0.869,CATTATTATGTGTT
vfl,520,527,+,1.14356,0.0208,0.756,GAAGGGAT
vfl,674,681,-,1.14356,0.0208,0.756,GGAGGTTT
kr,851,859,-,2.22485,0.0209,0.762,AATGGAAAA
slp,714,721,-,1.73267,0.0209,1,GCCAGCAA
hb,117,124,+,0.636986,0.021,0.762,TTTCTCGC
hb,792,799,+,0.561644,0.0214,0.762,ATGTTTTG
kr,88,96,+,2.1716,0.0215,0.762,AACTGGGAC
gt,773,786,+,-1.16265,0.0216,0.869,GATTATATCATCAT
gt,405,418,-,-1.1747,0.0217,0.869,AGCCCTTGGCTAAT
kr,431,439,-,2.14793,0.0218,0.762,TCGGGATTG
slp,158,165,-,1.58416,0.0219,1,ATAATCTC
vfl,150,157,-,1.08911,0.0219,0.756,GCTGATGG
vfl,678,685,-,1.08911,0.0219,0.756,GCTTGGAG
bcd,405,412,+,2.24405,0.0221,0.965,ATTAGCCA
bcd,96,103,-,2.22619,0.0223,0.965,TCGATCTG
gt,567,580,+,-1.3012,0.0226,0.887,GCGAACTGGGTTAT
slp,220,227,-,1.57921,0.0227,1,ATAAAGTC
slp,479,486,-,1.57921,0.0227,1,ATGAAAAG
hb,202,209,+,0.369863,0.0228,0.762,CGTTTCAC
slp,812,819,+,1.56436,0.0228,1,GAAAACTT
kr,261,269,-,2.05917,0.0228,0.762,ACAGCGTGT
vfl,836,843,+,1.08416,0.0228,0.756,GCAACTGG
vfl,75,82,-,1.02475,0.023,0.756,TCGGGTTC
kr,450,458,-,2.02959,0.0231,0.762,ATTGGGATC
vfl,109,116,-,0.985149,0.0233,0.756,CCAGGCCA
vfl,832,839,+,0.985149,0.0233,0.756,CCCGGCAA
hb,482,489,+,0.212329,0.0235,0.762,TTCATTAG
kr,271,279,-,1.98225,0.0236,0.762,AAAGTATGG
bcd,213,220,-,2.10119,0.0237,0.998,CTAACTCG
hb,383,390,+,0.191781,0.0237,0.762,GTTTGTTT
hb,387,394,+,0.191781,0.0237,0.762,GTTTGTTT
hb,391,398,+,0.191781,0.0237,0.762,GTTTGTTT
gt,335,348,+,-1.44578,0.0237,0.897,CGAAGTCAGGGCAT
hb,162,169,+,0.184932,0.0239,0.762,TTATTAGT
gt,883,896,+,-1.46386,0.0239,0.897,GGCCATTATCTCGC
slp,664,671,-,1.43564,0.0241,1,CCAAAAAA
hb,804,811,-,0.130137,0.0243,0.762,GGTTTCGT
kr,437,445,-,1.89349,0.0248,0.762,TAGGGATCG
kr,298,306,-,1.87574,0.025,0.762,CCAGGGTCC
gt,497,510,+,-1.60843,0.0251,0.916,TAAAAACACATAAT
hb,661,668,+,-0.00684932,0.0253,0.762,GATTTTTT
gt,51,64,-,-1.6506,0.0254,0.916,CAGTACCGGGTAAC
slp,665,672,-,1.17327,0.0254,1,GCCAAAAA
slp,793,800,-,1.17327,0.0254,1,GCAAAACA
hb,576,583,+,-0.0342466,0.0255,0.762,GTTATTTT
kr,528,536,+,1.83432,0.0255,0.762,TAGGGGCGC
bcd,442,449,+,1.93452,0.0255,1,CCTAGCCC
kr,706,714,-,1.79882,0.026,0.762,AACCGGCCA
vfl,232,239,+,0.806931,0.026,0.799,GCATCTTG
vfl,336,343,+,0.806931,0.026,0.799,GAAGTCAG
vfl,368,375,-,0.806931,0.026,0.799,GAAGATGG
hb,816,823,+,-0.10274,0.0261,0.762,ACTTTTCA
hb,238,245,-,-0.123288,0.0263,0.762,ATTGTTCA
slp,552,559,+,0.89604,0.0263,1,GCAATTAA
slp,223,230,-,0.89604,0.0263,1,GCAATAAA
kr,548,556,-,1.76923,0.0264,0.762,ATTGCGTTG
hb,509,516,-,-0.143836,0.0264,0.762,ATCATTAT
gt,58,71,-,-1.78313,0.0266,0.923,TGTTATGCAGTACC
hb,275,282,+,-0.164384,0.0267,0.762,ACTTTCAT
gt,47,60,+,-1.79518,0.0267,0.923,CCTGGTTACCCGGT
hb,478,485,+,-0.184932,0.0269,0.762,CCTTTTCA
slp,841,848,-,0.752475,0.027,1,GGAACCCA
kr,400,408,+,1.71006,0.027,0.762,CTGGGATTA
kr,812,820,-,1.71006,0.027,0.762,AAAGTTTTC
gt,425,438,-,-1.86145,0.0273,0.925,CGGGATTGGATTCC
slp,201,208,-,0.737624,0.0274,1,TGAAACGA
kr,181,189,+,1.67456,0.0275,0.762,GCAGCGTTT
hb,114,121,+,-0.239726,0.0275,0.762,TGGTTTCT
bcd,619,626,-,1.76786,0.0275,1,CAAAACGG
hb,801,808,-,-0.253425,0.0276,0.762,TTCGTTGG
vfl,273,280,-,0.584158,0.0276,0.809,GAAAGTAT
kr,23,31,+,1.63314,0.0281,0.762,AACTGGCAG
gt,476,489,+,-1.95783,0.0281,0.937,GTCCTTTTCATTAG
hb,583,590,+,-0.30137,0.0282,0.762,TTTTGCGC
slp,500,507,+,0.668317,0.0282,1,AAACACAT
hb,185,192,+,-0.342466,0.0287,0.762,CGTTTCGC
hb,849,856,+,-0.363014,0.0289,0.762,CATTTTCC
hb,856,863,+,-0.363014,0.0289,0.762,CATTTTCC
slp,406,413,+,0.658416,0.0291,1,TTAGCCAA
vfl,47,54,+,0.430693,0.0293,0.809,CCTGGTTA
vfl,615,622,-,0.430693,0.0293,0.809,ACGGGTTA
kr,456,464,-,1.53254,0.0295,0.762,ATTGGGATT
kr,462,470,-,1.53254,0.0295,0.762,ATTGGGATT
bcd,161,168,-,1.6131,0.0296,1,CTAATAAT
kr,54,62,+,1.52071,0.0297,0.762,ACCCGGTAC
kr,490,498,+,1.52071,0.0297,0.762,AAAGTCATA
slp,779,786,+,0.589109,0.0298,1,ATCATCAT
bcd,443,450,+,1.58929,0.0299,1,CTAGCCCG
kr,349,357,-,1.50296,0.03,0.762,ATCGGCGGA
vfl,396,403,-,0.425743,0.0302,0.809,CCAGCAAA
vfl,419,426,-,0.425743,0.0302,0.809,CCAAGTCA
vfl,713,720,-,0.425743,0.0302,0.809,CCAGCAAA
bcd,682,689,-,1.55952,0.0303,1,GTTAGCTT
slp,644,651,-,0.559406,0.0303,1,ACCCACAA
vfl,741,748,+,0.272277,0.0303,0.809,CCCGGTCC
kr,292,300,+,1.46746,0.0304,0.762,ATCGAGGGA
hb,786,793,-,-0.506849,0.0304,0.781,ATTTATTA
hb,99,106,-,-0.513699,0.0305,0.781,TTTTCGAT
bcd,760,767,+,1.54167,0.0306,1,GTACGCTG
kr,468,476,-,1.44379,0.0307,0.762,CAAGGGATT
gt,309,322,+,-2.24096,0.0308,0.989,TATAATCGCACAAC
gt,576,589,-,-2.24699,0.0309,0.989,CGCAAAAAAATAAC
bcd,613,620,+,1.5119,0.0309,1,CTTAACCC
slp,289,296,+,0.475248,0.031,1,GGAATCGA
slp,425,432,+,0.475248,0.031,1,GGAATCCA
slp,806,813,+,0.475248,0.031,1,GAAACCGA
slp,49,56,-,0.475248,0.031,1,GGTAACCA
slp,189,196,-,0.475248,0.031,1,GAAAGCGA
hb,502,509,-,-0.541096,0.031,0.783,TTATGTGT
slp,65,72,+,0.460396,0.0315,1,CATAACAA
kr,455,463,-,1.39053,0.0315,0.762,TTGGGATTG
kr,461,469,-,1.39053,0.0315,0.762,TTGGGATTG
vfl,860,867,-,0.148515,0.032,0.809,ACATGGAA
slp,328,335,-,0.440594,0.032,1,GCAACCCG
hb,865,872,+,-0.643836,0.0321,0.796,TGTTCTGC
kr,103,111,+,1.34911,0.0322,0.762,AAAAGCTGG
vfl,681,688,+,0.143564,0.0323,0.809,CAAGCTAA
vfl,888,895,-,0.143564,0.0323,0.809,CGAGATAA
slp,251,258,-,0.425743,0.0324,1,CCAAACTG
vfl,597,604,-,0.0445545,0.0324,0.809,TCAGGGCT
kr,111,119,+,1.33136,0.0324,0.762,GCCTGGTTT
hb,318,325,-,-0.691781,0.0324,0.796,CTCGTTGT
kr,728,736,+,1.32544,0.0325,0.762,GAGGAGGCA
kr,875,883,+,1.32544,0.0325,0.762,GCAGGGGCG
bcd,710,717,-,1.39881,0.0325,1,GCAAACCG
vfl,299,306,-,-0.0049505,0.0327,0.809,CCAGGGTC
vfl,744,751,-,-0.0049505,0.0327,0.809,CCAGGACC
kr,500,508,-,1.30178,0.0329,0.762,TATGTGTTT
vfl,294,301,+,-0.00990099,0.033,0.809,CGAGGGAC
kr,589,597,+,1.27811,0.0333,0.762,GCCGACTTA
vfl,605,612,+,-0.0148515,0.0333,0.809,TCCGCGAG
bcd,736,743,+,1.35119,0.0333,1,ACTATCCC
hb,222,229,+,-0.787671,0.0334,0.807,CTTTATTG
kr,358,366,-,1.26036,0.0336,0.762,GATGGCTAG
kr,724,732,+,1.26036,0.0336,0.762,AAAAGAGGA
gt,133,146,+,-2.53012,0.0338,0.989,CCGTGTTAATCCGT
gt,339,352,-,-2.53614,0.0339,0.989,CGGAATGCCCTGAC
kr,577,585,-,1.22485,0.0341,0.762,AAAAAATAA
vfl,502,509,+,-0.133663,0.0342,0.814,ACACATAA
bcd,814,821,-,1.27976,0.0343,1,AAAAGTTT
slp,165,172,+,0.381188,0.0343,1,TTAGTCAA
bcd,419,426,-,1.27381,0.0344,1,CCAAGTCA
hb,64,71,-,-0.883562,0.0344,0.807,TGTTATGC
hb,794,801,+,-0.883562,0.0344,0.807,GTTTTGCC
bcd,767,774,-,1.2619,0.0346,1,TCATTCCC
vfl,628,635,+,-0.257426,0.0347,0.814,GCCGGGCA
gt,318,331,-,-2.62048,0.0347,0.989,CCCGGTCTCGTTGT
gt,481,494,+,-2.62048,0.0347,0.989,TTTCATTAGAAAGT
slp,279,286,-,0.376238,0.0349,1,CTAAATGA
slp,482,489,-,0.376238,0.0349,1,CTAATGAA
vfl,89,96,+,-0.282178,0.0349,0.814,ACTGGGAC
bcd,353,360,-,1.23214,0.0351,1,TAGATCGG
bcd,685,692,+,1.23214,0.0351,1,CTAACTTG
gt,631,644,+,-2.65663,0.0351,0.989,GGGCAGCAGGTAGT
hb,220,227,+,-0.993151,0.0353,0.807,GACTTTAT
gt,488,501,-,-2.6747,0.0353,0.989,TTTTATGACTTTCT
gt,268,281,-,-2.68675,0.0355,0.989,TGAAAGTATGGCAC
kr,53,61,-,1.13609,0.0355,0.762,TACCGGGTA
slp,66,73,+,0.306931,0.0356,1,ATAACAAT
slp,509,516,+,0.306931,0.0356,1,ATAATGAT
slp,788,795,+,0.306931,0.0356,1,ATAAATGT
kr,166,174,-,1.13018,0.0357,0.762,AATTGACTA
vfl,836,843,-,-0.287129,0.0357,0.823,CCAGTTGC
kr,889,897,-,1.11834,0.0358,0.762,AGCGAGATA
bcd,590,597,-,1.17262,0.036,1,TAAGTCGG
kr,813,821,-,1.10059,0.0361,0.762,AAAAGTTTT
kr,790,798,+,1.10059,0.0361,0.762,AAATGTTTT
bcd,789,796,+,1.16667,0.0362,1,TAAATGTT
gt,136,149,+,-2.77108,0.0364,0.989,TGTTAATCCGTTTG
gt,145,158,-,-2.78313,0.0366,0.989,CGCTGATGGCAAAC
slp,426,433,+,0.19802,0.0367,1,GAATCCAA
gt,755,768,+,-2.8012,0.0368,0.989,AGTTGGTACGCTGG
kr,109,117,-,1.06509,0.0369,0.762,ACCAGGCCA
bcd,288,295,-,1.1131,0.0369,1,CGATTCCG
gt,343,356,+,-2.81928,0.037,0.989,GGGCATTCCGCCGA
kr,140,148,-,1.04734,0.0371,0.762,AAACGGATT
kr,286,294,+,1.04734,0.0371,0.762,GACGGAATC
kr,628,636,+,1.04734,0.0371,0.762,GCCGGGCAG
slp,477,484,-,0.193069,0.0372,1,GAAAAGGA
slp,580,587,-,0.178218,0.0374,1,CAAAAAAA
slp,663,670,-,0.178218,0.0374,1,CAAAAAAA
hb,234,241,+,-1.17123,0.0375,0.807,ATCTTGAA
bcd,709,716,-,1.08333,0.0376,1,CAAACCGG
hb,101,108,-,-1.17808,0.0376,0.807,GCTTTTCG
hb,252,259,+,-1.17808,0.0376,0.807,AGTTTGGT
bcd,233,240,-,1.07738,0.0376,1,TCAAGATG
hb,394,401,+,-1.18493,0.0377,0.807,TGTTTGCT
hb,818,825,+,-1.19178,0.0378,0.807,TTTTCAAA
slp,149,156,+,0.163366,0.038,1,GCCATCAG
slp,567,574,+,0.163366,0.038,1,GCGAACTG
hb,116,123,+,-1.22603,0.0382,0.807,GTTTCTCG
hb,809,816,-,-1.22603,0.0382,0.807,TTTTCGGT
bcd,473,480,+,1.02381,0.0384,1,CTTGTCCT
bcd,194,201,+,1.0119,0.0387,1,TTCGTCCT
hb,386,393,+,-1.30137,0.0391,0.807,TGTTTGTT
hb,390,397,+,-1.30137,0.0391,0.807,TGTTTGTT
gt,310,323,-,-3.00602,0.0392,1,CGTTGTGCGATTAT
hb,279,286,+,-1.31507,0.0393,0.807,TCATTTAG
gt,855,868,+,-3.01807,0.0393,1,CCATTTTCCATGTT
kr,859,867,-,0.893491,0.0398,0.804,ACATGGAAA
hb,499,506,-,-1.35616,0.0399,0.81,TGTGTTTT
vfl,862,869,+,-0.564356,0.04,0.908,CCATGTTC
gt,54,67,+,-3.07831,0.04,1,ACCCGGTACTGCAT
kr,320,328,+,0.87574,0.0401,0.804,AACGAGACC
bcd,189,196,-,0.928571,0.0401,1,GAAAGCGA
bcd,779,786,+,0.928571,0.0401,1,ATCATCAT
gt,797,810,+,-3.08434,0.0401,1,TTGCCCAACGAAAC
slp,579,586,-,0.108911,0.0402,1,AAAAAAAT
slp,662,669,-,0.108911,0.0402,1,AAAAAAAT
gt,438,451,-,-3.12048,0.0406,1,TCGGGCTAGGGATC
kr,703,711,+,0.810651,0.0412,0.814,AAGTGGCCG
bcd,379,386,-,0.857143,0.0413,1,AAACGCCC
vfl,142,149,+,-0.569307,0.0414,0.908,TCCGTTTG
vfl,319,326,-,-0.569307,0.0414,0.908,TCTCGTTG
slp,506,513,+,0.029703,0.0414,1,ATAATAAT
gt,209,222,-,-3.18675,0.0414,1,GTCTAACTCGAAAG
bcd,134,141,-,0.839286,0.0416,1,TTAACACG
kr,635,643,+,0.781065,0.0418,0.814,AGCAGGTAG
slp,502,509,+,0,0.042,1,ACACATAA
kr,705,713,-,0.739645,0.0425,0.814,ACCGGCCAC
kr,797,805,-,0.739645,0.0425,0.814,GTTGGGCAA
vfl,513,520,+,-0.574257,0.0426,0.908,TGATGTCG
vfl,564,571,-,-0.574257,0.0426,0.908,TTCGCTAG
vfl,609,616,-,-0.574257,0.0426,0.908,TAAGCTCG
bcd,768,775,-,0.779762,0.0426,1,ATCATTCC
gt,848,861,+,-3.29518,0.0428,1,CCATTTTCCATTTT
bcd,109,116,-,0.761905,0.0429,1,CCAGGCCA
hb,710,717,+,-1.58219,0.043,0.835,CGGTTTGC
hb,135,142,+,-1.59589,0.0432,0.835,GTGTTAAT
kr,156,164,+,0.698225,0.0433,0.814,GCGAGATTA
kr,340,348,+,0.692308,0.0433,0.814,TCAGGGCAT
bcd,328,335,-,0.714286,0.0438,1,GCAACCCG
hb,1,8,-,-1.66438,0.044,0.835,GGTTATAT
hb,771,778,+,-1.67123,0.0441,0.835,ATGATTAT
hb,788,795,-,-1.67123,0.0441,0.835,ACATTTAT
kr,814,822,-,0.650888,0.0443,0.819,GAAAAGTTT
gt,434,447,+,-3.40964,0.0443,1,TCCCGATCCCTAGC
bcd,812,819,+,0.678571,0.0444,1,GAAAACTT
kr,881,889,-,0.633136,0.0446,0.819,AATGGCCGC
bcd,62,69,-,0.666667,0.0446,1,TTATGCAG
vfl,602,609,-,-0.816832,0.0447,0.908,GCGGATCA
vfl,714,721,-,-0.816832,0.0447,0.908,GCCAGCAA
slp,493,500,+,-0.163366,0.0449,1,GTCATAAA
vfl,527,534,-,-0.821782,0.0449,0.908,GCCCCTAA
hb,504,511,-,-1.73973,0.045,0.835,TATTATGT
hb,191,198,+,-1.75342,0.0452,0.835,GCTTTCGT
hb,672,679,-,-1.76027,0.0452,0.835,AGGTTTGG
slp,805,812,+,-0.277228,0.0456,1,CGAAACCG
slp,162,169,-,-0.277228,0.0456,1,ACTAATAA
slp,184,191,-,-0.277228,0.0456,1,CGAAACGC
gt,130,143,-,-3.50602,0.0456,1,GATTAACACGGCAC
gt,563,576,-,-3.5241,0.0459,1,CCCAGTTCGCTAGT
vfl,233,240,-,-0.846535,0.046,0.908,TCAAGATG
vfl,640,647,-,-0.846535,0.046,0.908,ACAACTAC
bcd,165,172,+,0.583333,0.0464,1,TTAGTCAA
bcd,884,891,-,0.583333,0.0464,1,ATAATGGC
kr,853,861,-,0.538462,0.0464,0.845,AAAATGGAA
gt,572,585,+,-3.56627,0.0465,1,CTGGGTTATTTTTT
bcd,353,360,+,0.577381,0.0465,1,CCGATCTA
bcd,595,602,+,0.577381,0.0465,1,TTAGCCCT
hb,622,629,+,-1.83562,0.0467,0.835,TTTTGAGC
bcd,11,18,-,0.559524,0.0468,1,CAAATTAT
gt,301,314,+,-3.59639,0.0469,1,CCCTGGACTATAAT
gt,668,681,-,-3.60843,0.0471,1,GGAGGTTTGGCCAA
hb,258,265,-,-1.86986,0.0473,0.835,CGTGTTAC
bcd,182,189,-,0.535714,0.0474,1,AAACGCTG
kr,616,624,+,0.485207,0.0476,0.856,AACCCGTTT
gt,314,327,+,-3.6506,0.0477,1,TCGCACAACGAGAC
hb,254,261,+,-1.89041,0.0477,0.835,TTTGGTAA
gt,484,497,+,-3.65663,0.0478,1,CATTAGAAAGTCAT
slp,152,159,+,-0.5,0.0478,1,ATCAGCGA
hb,370,377,+,-1.90411,0.0479,0.835,ATCTTCTG
vfl,62,69,-,-0.851485,0.0479,0.908,TTATGCAG
vfl,681,688,-,-0.851485,0.0479,0.908,TTAGCTTG
kr,324,332,-,0.461538,0.048,0.856,ACCCGGTCT
hb,134,141,+,-1.93151,0.0482,0.835,CGTGTTAA
vfl,324,331,-,-0.985149,0.0482,0.908,CCCGGTCT
slp,74,81,+,-0.539604,0.0482,1,GGAACCCG
slp,546,553,+,-0.539604,0.0482,1,GGCAACGC
slp,632,639,+,-0.539604,0.0482,1,GGCAGCAG
slp,730,737,+,-0.539604,0.0482,1,GGAGGCAC
slp,842,849,-,-0.539604,0.0482,1,GGGAACCC
gt,664,677,+,-3.6988,0.0484,1,TTTTTTGGCCAAAC
hb,102,109,-,-1.97945,0.0487,0.835,AGCTTTTC
hb,477,484,+,-1.97945,0.0487,0.835,TCCTTTTC
slp,619,626,-,-0.554455,0.0488,1,CAAAACGG
slp,672,679,+,-0.569307,0.049,1,CCAAACCT
hb,7,14,-,-1.99315,0.0491,0.835,TTATTGGG
hb,493,500,-,-2,0.0491,0.835,TTTATGAC
gt,551,564,+,-3.76506,0.0493,1,CGCAATTAACGGAC
slp,650,657,+,-0.618812,0.0496,1,GTGGACCC
slp,648,655,-,-0.618812,0.0496,1,GTCCACCC
hb,552,559,-,-2.03425,0.0497,0.836,TTAATTGC
gt,715,728,+,-3.8012,0.0499,1,TGCTGGCCCAAAAG
bcd,506,513,+,0.404762,0.05,1,ATAATAAT
vfl,22,29,-,-1.09406,0.0502,0.908,GCCAGTTA
vfl,117,124,-,-1.09406,0.0502,0.908,GCGAGAAA
vfl,147,154,-,-1.09406,0.0502,0.908,GATGGCAA
vfl,259,266,-,-1.09406,0.0502,0.908,GCGTGTTA
vfl,371,378,-,-1.09406,0.0502,0.908,GCAGAAGA
vfl,865,872,-,-1.09406,0.0502,0.908,GCAGAACA
bcd,217,224,+,0.392857,0.0503,1,TTAGACTT
bcd,282,289,+,0.375,0.0505,1,TTTAGACG
hb,12,19,+,-2.06849,0.0506,0.836,TAATTTGA
hb,821,828,-,-2.06849,0.0506,0.836,TAATTTGA
bcd,737,744,+,0.363095,0.0508,1,CTATCCCG
bcd,792,799,-,0.357143,0.0509,1,CAAAACAT
slp,283,290,+,-0.633663,0.051,1,TTAGACGG
slp,613,620,+,-0.633663,0.051,1,CTTAACCC
slp,614,621,+,-0.633663,0.051,1,TTAACCCG
slp,402,409,-,-0.633663,0.051,1,CTAATCCC
slp,523,530,-,-0.633663,0.051,1,CTAATCCC
kr,181,189,-,0.313609,0.0511,0.891,AAACGCTGC
vfl,193,200,-,-1.09901,0.0513,0.908,GGACGAAA
kr,657,665,-,0.295858,0.0515,0.891,AAATCGTGG
gt,817,830,-,-3.92771,0.0518,1,CTTAATTTGAAAAG
kr,708,716,+,0.272189,0.052,0.891,GCCGGTTTG
slp,474,481,-,-0.69802,0.0521,1,AAGGACAA
gt,542,555,-,-3.95181,0.0521,1,TTGCGTTGCCTGGA
vfl,486,493,+,-1.12871,0.0524,0.908,TTAGAAAG
hb,274,281,+,-2.16438,0.0524,0.842,TACTTTCA
bcd,335,342,+,0.291667,0.0525,1,CGAAGTCA
hb,795,802,+,-2.19178,0.0527,0.842,TTTTGCCC
vfl,716,723,+,-1.24752,0.0528,0.908,GCTGGCCC
bcd,169,176,+,0.261905,0.0529,1,TCAATTGC
bcd,357,364,+,0.261905,0.0529,1,TCTAGCCA
hb,190,197,+,-2.20548,0.053,0.842,CGCTTTCG
hb,208,215,+,-2.20548,0.053,0.842,ACTTTCGA
gt,580,593,+,-4.00602,0.053,1,TTTTTTTGCGCCGA
kr,469,477,-,0.207101,0.0533,0.891,ACAAGGGAT
vfl,739,746,-,-1.26238,0.0533,0.908,ACCGGGAT
gt,560,573,+,-4.03012,0.0534,1,CGGACTAGCGAACT
hb,124,131,+,-2.23973,0.0534,0.842,CTGTGTGT
kr,9,17,-,0.195266,0.0536,0.891,AAATTATTG
kr,61,69,+,0.195266,0.0536,0.891,ACTGCATAA
slp,405,412,+,-0.777228,0.0537,1,ATTAGCCA
slp,304,311,-,-0.777228,0.0537,1,ATAGTCCA
kr,608,616,+,0.177515,0.054,0.891,GCGAGCTTA
bcd,48,55,-,0.196429,0.0544,1,GTAACCAG
kr,119,127,-,0.153846,0.0546,0.891,ACAGCGAGA
bcd,218,225,-,0.184524,0.0546,1,AAAGTCTA
hb,278,285,+,-2.30822,0.0546,0.855,TTCATTTA
gt,552,565,+,-4.12651,0.0548,1,GCAATTAACGGACT
gt,491,504,-,-4.13253,0.0549,1,TGTTTTTATGACTT
bcd,263,270,-,0.166667,0.0551,1,CACAGCGT
vfl,25,32,-,-1.32178,0.0552,0.908,CCTGCCAG
vfl,196,203,-,-1.32178,0.0552,0.908,CGAGGACG
slp,835,842,+,-0.816832,0.0553,1,GGCAACTG
slp,840,847,-,-0.816832,0.0553,1,GAACCCAG
bcd,348,355,+,0.154762,0.0553,1,TTCCGCCG
bcd,585,592,+,0.154762,0.0553,1,TTGCGCCG
vfl,443,450,-,-1.32673,0.0553,0.908,CGGGCTAG
vfl,40,47,-,-1.37129,0.0557,0.908,GAAGGATA
slp,723,730,+,-0.836634,0.0565,1,CAAAAGAG
gt,850,863,-,-4.28916,0.0575,1,GGAAAATGGAAAAT
vfl,489,496,+,-1.37624,0.0576,0.908,GAAAGTCA
vfl,169,176,-,-1.37624,0.0576,0.908,GCAATTGA
vfl,206,213,-,-1.37624,0.0576,0.908,GAAAGTGA
vfl,393,400,-,-1.37624,0.0576,0.908,GCAAACAA
vfl,826,833,-,-1.38119,0.0577,0.908,GGACTTAA
kr,860,868,-,0.0177515,0.0577,0.891,AACATGGAA
slp,51,58,+,-0.89604,0.0579,1,GTTACCCG
slp,760,767,+,-0.89604,0.0579,1,GTACGCTG
hb,720,727,-,-2.4863,0.0579,0.887,TTTTGGGC
kr,569,577,-,0.0118343,0.0579,0.891,ACCCAGTTC
kr,198,206,-,0.00591716,0.058,0.891,AAACGAGGA
slp,415,422,-,-0.90099,0.0584,1,GTCAAGCC
gt,256,269,+,-4.3494,0.0585,1,TGGTAACACGCTGT
kr,559,567,+,-0.0177515,0.0585,0.891,ACGGACTAG
kr,846,854,-,-0.0236686,0.0586,0.891,AAAATGGGA
gt,443,456,-,-4.36747,0.0588,1,TGGGATCGGGCTAG
kr,527,535,+,-0.0295858,0.0588,0.891,TTAGGGGCG
hb,371,378,+,-2.5274,0.0589,0.887,TCTTCTGC
kr,625,633,-,-0.035503,0.0589,0.891,CCCGGCTCA
vfl,541,548,-,-1.5297,0.059,0.908,GCCTGGAC
kr,876,884,+,-0.0473373,0.0592,0.891,CAGGGGCGG
gt,144,157,-,-4.39759,0.0593,1,GCTGATGGCAAACG
kr,443,451,-,-0.0532544,0.0593,0.891,TCGGGCTAG
vfl,112,119,+,-1.5396,0.0594,0.908,CCTGGTTT
kr,287,295,+,-0.0591716,0.0595,0.891,ACGGAATCG
slp,138,145,+,-0.910891,0.0595,1,TTAATCCG
slp,62,69,-,-0.910891,0.0595,1,TTATGCAG
slp,610,617,-,-0.910891,0.0595,1,TTAAGCTC
kr,165,173,-,-0.0650888,0.0597,0.891,ATTGACTAA
hb,476,483,+,-2.57534,0.0598,0.887,GTCCTTTT
hb,480,487,+,-2.58219,0.06,0.887,TTTTCATT
gt,280,293,+,-4.43976,0.06,1,CATTTAGACGGAAT
hb,660,667,+,-2.58904,0.0601,0.887,CGATTTTT
hb,316,323,-,-2.60274,0.0603,0.887,CGTTGTGC
vfl,104,111,-,-1.54455,0.0604,0.908,CCAGCTTT
vfl,439,446,-,-1.54455,0.0604,0.908,CTAGGGAT
vfl,469,476,-,-1.54455,0.0604,0.908,CAAGGGAT
slp,621,628,-,-0.915842,0.0605,1,CTCAAAAC
hb,277,284,+,-2.60959,0.0605,0.887,TTTCATTT
kr,71,79,+,-0.100592,0.0606,0.891,AATGGAACC
kr,510,518,-,-0.100592,0.0606,0.891,ACATCATTA
bcd,489,496,+,-0.0833333,0.0606,1,GAAAGTCA
hb,782,789,-,-2.61644,0.0607,0.887,ATTATGAT
hb,307,314,-,-2.67808,0.0618,0.895,ATTATAGT
bcd,345,352,+,-0.136905,0.0619,1,GCATTCCG
gt,555,568,-,-4.56024,0.0621,1,GCTAGTCCGTTAAT
slp,754,761,-,-1.0099,0.0625,1,ACCAACTG
gt,236,249,-,-4.59639,0.0627,1,GACGATTGTTCAAG
slp,318,325,+,-1.01485,0.0627,1,ACAACGAG
vfl,80,87,-,-1.59901,0.0628,0.908,ACGGTTCG
vfl,261,268,+,-1.59901,0.0628,0.908,ACACGCTG
vfl,262,269,-,-1.59901,0.0628,0.908,ACAGCGTG
vfl,709,716,+,-1.59901,0.0628,0.908,CCGGTTTG
vfl,727,734,+,-1.59901,0.0628,0.908,AGAGGAGG
vfl,837,844,-,-1.59901,0.0628,0.908,CCCAGTTG
gt,261,274,+,-4.60241,0.0628,1,ACACGCTGTGCCAT
kr,365,373,-,-0.189349,0.0629,0.899,AGATGGCGA
kr,295,303,+,-0.201183,0.0632,0.899,GAGGGACCC
slp,166,173,-,-1.05446,0.0632,1,ATTGACTA
kr,837,845,-,-0.207101,0.0634,0.899,ACCCAGTTG
gt,356,369,-,-4.64458,0.0635,1,GGCGATGGCTAGAT
hb,48,55,+,-2.77397,0.0637,0.901,CTGGTTAC
bcd,152,159,+,-0.220238,0.0638,1,ATCAGCGA
gt,186,199,-,-4.66265,0.0639,1,GACGAAAGCGAAAC
gt,260,273,-,-4.66867,0.064,1,TGGCACAGCGTGTT
hb,642,649,+,-2.78082,0.064,0.901,AGTTGTGG
vfl,737,744,-,-1.60396,0.064,0.908,CGGGATAG
kr,727,735,+,-0.236686,0.0641,0.899,AGAGGAGGC
gt,619,632,+,-4.68675,0.0643,1,CCGTTTTGAGCCGG
kr,138,146,-,-0.248521,0.0644,0.899,ACGGATTAA
hb,396,403,+,-2.80822,0.0645,0.901,TTTGCTGG
hb,713,720,+,-2.80822,0.0645,0.901,TTTGCTGG
kr,81,89,-,-0.260355,0.0646,0.899,TTACGGTTC
vfl,223,230,-,-1.65347,0.0648,0.908,GCAATAAA
vfl,581,588,-,-1.65347,0.0648,0.908,GCAAAAAA
slp,99,106,+,-1.05941,0.0648,1,ATCGAAAA
slp,851,858,-,-1.05941,0.0648,1,ATGGAAAA
slp,858,865,-,-1.05941,0.0648,1,ATGGAAAA
bcd,74,81,+,-0.267857,0.0648,1,GGAACCCG
hb,17,24,-,-2.82192,0.0648,0.901,TTACTTCA
bcd,482,489,-,-0.279762,0.0651,1,CTAATGAA
bcd,509,516,+,-0.279762,0.0651,1,ATAATGAT
hb,41,48,+,-2.84932,0.0653,0.901,ATCCTTCC
slp,336,343,+,-1.09406,0.0657,1,GAAGTCAG
hb,473,480,+,-2.86986,0.0657,0.901,CTTGTCCT
bcd,289,296,+,-0.303571,0.0657,1,GGAATCGA
gt,605,618,+,-4.77711,0.0659,1,TCCGCGAGCTTAAC
kr,501,509,+,-0.313609,0.066,0.899,AACACATAA
vfl,58,65,-,-1.80693,0.066,0.908,GCAGTACC
vfl,178,185,-,-1.80693,0.066,0.908,GCTGCAAC
vfl,229,236,+,-1.80693,0.066,0.908,GCAGCATC
vfl,561,568,-,-1.80693,0.066,0.908,GCTAGTCC
gt,794,807,-,-4.8012,0.0663,1,TCGTTGGGCAAAAC
slp,200,207,-,-1.09901,0.0665,1,GAAACGAG
slp,794,801,-,-1.09901,0.0665,1,GGCAAAAC
gt,265,278,-,-4.81325,0.0666,1,AAGTATGGCACAGC
kr,399,407,+,-0.337278,0.0666,0.899,GCTGGGATT
bcd,261,268,+,-0.339286,0.0667,1,ACACGCTG
gt,746,759,+,-4.83735,0.067,1,TCCTGGTACAGTTG
vfl,126,133,-,-1.81188,0.067,0.908,GCACACAC
vfl,175,182,-,-1.81188,0.067,0.908,GCAACTGC
gt,609,622,-,-4.8494,0.0672,1,ACGGGTTAAGCTCG
kr,790,798,-,-0.372781,0.0676,0.899,AAAACATTT
kr,253,261,+,-0.378698,0.0677,0.899,GTTTGGTAA
hb,381,388,+,-2.99315,0.0678,0.922,GCGTTTGT
gt,334,347,-,-4.88554,0.0679,1,TGCCCTGACTTCGC
gt,85,98,+,-4.89157,0.068,1,CGTAACTGGGACAG
gt,590,603,-,-4.89157,0.068,1,CAGGGCTAAGTCGG
kr,342,350,+,-0.390533,0.068,0.899,AGGGCATTC
kr,731,739,+,-0.402367,0.0684,0.899,GAGGCACTA
bcd,231,238,+,-0.404762,0.0685,1,AGCATCTT
kr,718,726,-,-0.420118,0.0688,0.899,TTTGGGCCA
bcd,96,103,+,-0.416667,0.0688,1,CAGATCGA
bcd,568,575,-,-0.428571,0.0691,1,CCAGTTCG
gt,559,572,+,-4.95783,0.0692,1,ACGGACTAGCGAAC
bcd,343,350,-,-0.434524,0.0692,1,GAATGCCC
kr,726,734,+,-0.443787,0.0695,0.899,AAGAGGAGG
hb,783,790,-,-3.06849,0.0695,0.927,TATTATGA
hb,819,826,-,-3.06849,0.0695,0.927,ATTTGAAA
bcd,367,374,+,-0.446429,0.0695,1,GCCATCTT
gt,34,47,-,-4.9759,0.0696,1,GAAGGATACCTCGC
kr,746,754,+,-0.449704,0.0697,0.899,TCCTGGTAC
hb,65,72,-,-3.08219,0.0697,0.927,TTGTTATG
bcd,660,667,-,-0.452381,0.0698,1,AAAAATCG
bcd,776,783,+,-0.452381,0.0698,1,TATATCAT
gt,199,212,+,-4.99398,0.0699,1,CCTCGTTTCACTTT
kr,488,496,+,-0.467456,0.0702,0.899,AGAAAGTCA
slp,21,28,+,-1.17822,0.0703,1,GTAACTGG
slp,86,93,+,-1.17822,0.0703,1,GTAACTGG
slp,202,209,-,-1.17822,0.0703,1,GTGAAACG
slp,258,265,+,-1.17822,0.0703,1,GTAACACG
slp,756,763,-,-1.17822,0.0703,1,GTACCAAC
gt,522,535,+,-5.01807,0.0704,1,AGGGATTAGGGGCG
bcd,114,121,-,-0.494048,0.0707,1,AGAAACCA
hb,115,122,+,-3.14384,0.0708,0.934,GGTTTCTC
gt,288,301,+,-5.05422,0.0711,1,CGGAATCGAGGGAC
kr,45,53,-,-0.508876,0.0713,0.899,AACCAGGAA
kr,645,653,+,-0.508876,0.0713,0.899,TGTGGGTGG
gt,192,205,-,-5.07229,0.0714,1,AACGAGGACGAAAG
bcd,726,733,-,-0.529762,0.0716,1,CTCCTCTT
gt,254,267,+,-5.08434,0.0716,1,TTTGGTAACACGCT
gt,579,592,-,-5.08434,0.0716,1,CGGCGCAAAAAAAT
kr,325,333,+,-0.526627,0.0718,0.899,GACCGGGTT
slp,486,493,+,-1.19307,0.0718,1,TTAGAAAG
slp,817,824,-,-1.19307,0.0718,1,TTGAAAAG
gt,551,564,-,-5.10241,0.072,1,GTCCGTTAATTGCG
kr,755,763,+,-0.532544,0.072,0.899,AGTTGGTAC
bcd,278,285,+,-0.553571,0.0722,1,TTCATTTA
gt,182,195,+,-5.12651,0.0724,1,CAGCGTTTCGCTTT
vfl,104,111,+,-1.88119,0.0727,0.929,AAAGCTGG
vfl,124,131,-,-1.88119,0.0727,0.929,ACACACAG
vfl,318,325,+,-1.88119,0.0727,0.929,ACAACGAG
vfl,354,361,-,-1.88119,0.0727,0.929,CTAGATCG
vfl,358,365,-,-1.88119,0.0727,0.929,ATGGCTAG
vfl,591,598,-,-1.88119,0.0727,0.929,CTAAGTCG
bcd,79,86,+,-0.571429,0.0727,1,CCGAACCG
kr,117,125,-,-0.56213,0.0728,0.899,AGCGAGAAA
kr,791,799,+,-0.56213,0.0728,0.899,AATGTTTTG
vfl,354,361,+,-1.88614,0.0728,0.929,CGATCTAG
vfl,591,598,+,-1.88614,0.0728,0.929,CGACTTAG
gt,352,365,+,-5.15663,0.073,1,GCCGATCTAGCCAT
hb,14,21,+,-3.26712,0.073,0.944,ATTTGAAG
hb,382,389,+,-3.26712,0.073,0.944,CGTTTGTT
kr,491,499,+,-0.573964,0.0732,0.899,AAGTCATAA
hb,640,647,+,-3.28082,0.0733,0.944,GTAGTTGT
kr,80,88,-,-0.579882,0.0733,0.899,TACGGTTCG
slp,640,647,-,-1.29208,0.0737,1,ACAACTAC
gt,59,72,-,-5.21084,0.0741,1,TTGTTATGCAGTAC
hb,671,678,-,-3.32192,0.0743,0.944,GGTTTGGC
kr,34,42,+,-0.609467,0.0743,0.905,GCGAGGTAT
bcd,577,584,+,-0.630952,0.0744,1,TTATTTTT
bcd,184,191,-,-0.636905,0.0745,1,CGAAACGC
hb,505,512,-,-3.34932,0.0748,0.944,TTATTATG
hb,784,791,-,-3.34932,0.0748,0.944,TTATTATG
bcd,822,829,+,-0.64881,0.0749,1,CAAATTAA
gt,30,43,+,-5.25301,0.0749,1,AGGAGCGAGGTATC
gt,783,796,+,-5.25301,0.0749,1,TCATAATAAATGTT
slp,485,492,+,-1.33663,0.0752,1,ATTAGAAA
gt,177,190,+,-5.27108,0.0753,1,AGTTGCAGCGTTTC
kr,377,385,+,-0.64497,0.0753,0.911,GCGGGCGTT
bcd,498,505,+,-0.672619,0.0755,1,AAAAACAC
gt,493,506,-,-5.30723,0.076,1,TGTGTTTTTATGAC
kr,789,797,+,-0.674556,0.0761,0.914,TAAATGTTT
hb,864,871,+,-3.43151,0.0762,0.948,ATGTTCTG
slp,848,855,-,-1.37624,0.0764,1,GAAAATGG
slp,849,856,-,-1.37624,0.0764,1,GGAAAATG
slp,855,862,-,-1.37624,0.0764,1,GAAAATGG
slp,856,863,-,-1.37624,0.0764,1,GGAAAATG
hb,201,208,+,-3.45205,0.0765,0.948,TCGTTTCA
bcd,17,24,-,-0.702381,0.0765,1,TTACTTCA
slp,684,691,+,-1.38614,0.0765,1,GCTAACTT
bcd,762,769,-,-0.708333,0.0766,1,CCCAGCGT
hb,143,150,+,-3.46575,0.0767,0.948,CCGTTTGC
gt,168,181,+,-5.3494,0.0769,1,GTCAATTGCAGTTG
bcd,283,290,+,-0.75,0.0776,1,TTAGACGG
hb,193,200,+,-3.5137,0.0777,0.954,TTTCGTCC
hb,16,23,-,-3.55479,0.0787,0.954,TACTTCAA
gt,212,225,+,-5.44578,0.0788,1,TCGAGTTAGACTTT
kr,504,512,+,-0.763314,0.0789,0.918,ACATAATAA
bcd,2,9,+,-0.803571,0.0791,1,TATAACCC
bcd,785,792,+,-0.803571,0.0791,1,ATAATAAA
slp,137,144,+,-1.45545,0.0791,1,GTTAATCC
slp,168,175,+,-1.45545,0.0791,1,GTCAATTG
gt,564,577,-,-5.46386,0.0792,1,ACCCAGTTCGCTAG
vfl,444,451,-,-2.19307,0.0793,1,TCGGGCTA
hb,488,495,-,-3.59589,0.0796,0.954,GACTTTCT
bcd,718,725,-,-0.821429,0.0796,1,TTGGGCCA
slp,578,585,-,-1.53465,0.0798,1,AAAAAATA
vfl,377,384,+,-2.22772,0.0798,1,GCGGGCGT
bcd,369,376,-,-0.827381,0.0798,1,AGAAGATG
bcd,38,45,+,-0.833333,0.0799,1,GGTATCCT
kr,438,446,-,-0.804734,0.08,0.918,CTAGGGATC
bcd,724,731,+,-0.839286,0.0802,1,AAAAGAGG
vfl,18,25,+,-2.36634,0.0806,1,GAAGTAAC
bcd,51,58,+,-0.857143,0.0807,1,GTTACCCG
bcd,381,388,-,-0.863095,0.0808,1,ACAAACGC
slp,358,365,+,-1.62871,0.081,1,CTAGCCAT
gt,751,764,+,-5.54819,0.081,1,GTACAGTTGGTACG
kr,131,139,-,-0.83432,0.0811,0.918,AACACGGCA
vfl,788,795,-,-2.38119,0.0811,1,ACATTTAT
bcd,505,512,-,-0.880952,0.0813,1,TTATTATG
bcd,784,791,-,-0.880952,0.0813,1,TTATTATG
hb,224,231,+,-3.68493,0.0813,0.954,TTATTGCA
kr,449,457,-,-0.852071,0.0817,0.918,TTGGGATCG
bcd,847,854,-,-0.89881,0.0817,1,AAAATGGG
kr,230,238,-,-0.863905,0.0821,0.918,AAGATGCTG
kr,806,814,-,-0.863905,0.0821,0.918,TTCGGTTTC
kr,130,138,-,-0.869822,0.0823,0.918,ACACGGCAC
gt,449,462,-,-5.61446,0.0824,1,TGGGATTGGGATCG
hb,805,812,-,-3.73288,0.0825,0.954,CGGTTTCG
slp,553,560,-,-1.73267,0.0826,1,GTTAATTG
kr,695,703,+,-0.881657,0.0827,0.918,CAAGTGGCA
bcd,795,802,+,-0.934524,0.0828,1,TTTTGCCC
bcd,733,740,-,-0.940476,0.083,1,ATAGTGCC
kr,260,268,+,-0.893491,0.083,0.918,AACACGCTG
kr,146,154,-,-0.923077,0.0839,0.918,GATGGCAAA
gt,420,433,-,-5.68675,0.084,1,TTGGATTCCAAGTC
vfl,797,804,-,-2.47525,0.084,1,TTGGGCAA
slp,864,871,-,-1.82673,0.084,1,CAGAACAT
hb,93,100,-,-3.78767,0.0841,0.954,ATCTGTCC
hb,773,780,+,-3.78767,0.0841,0.954,GATTATAT
gt,680,693,-,-5.70482,0.0844,1,GCAAGTTAGCTTGG
vfl,107,114,+,-2.50495,0.0844,1,GCTGGCCT
kr,633,641,-,-0.940828,0.0844,0.918,ACCTGCTGC
vfl,881,888,+,-2.5099,0.0848,1,GCGGCCAT
gt,480,493,-,-5.72892,0.0849,1,CTTTCTAATGAAAA
slp,515,522,-,-1.90594,0.0853,1,TTCGACAT
bcd,601,608,-,-1.02381,0.0853,1,CGGATCAG
vfl,606,613,-,-2.56436,0.0854,1,GCTCGCGG
vfl,630,637,-,-2.56436,0.0854,1,GCTGCCCG
hb,233,240,+,-3.84932,0.0857,0.954,CATCTTGA
kr,247,255,-,-0.982249,0.0857,0.918,AACTGCGAC
kr,673,681,-,-0.982249,0.0857,0.918,GGAGGTTTG
kr,888,896,-,-0.982249,0.0857,0.918,GCGAGATAA
slp,397,404,-,-1.93564,0.0857,1,CCCAGCAA
slp,543,550,+,-1.93564,0.0857,1,CCAGGCAA
slp,800,807,+,-1.93564,0.0857,1,CCCAACGA
hb,44,51,+,-3.85616,0.0859,0.954,CTTCCTGG
kr,638,646,+,-0.988166,0.0859,0.918,AGGTAGTTG
bcd,121,128,-,-1.04167,0.0859,1,CACAGCGA
gt,305,318,-,-5.77711,0.086,1,TGCGATTATAGTCC
hb,3,10,-,-3.86986,0.0861,0.954,TGGGTTAT
hb,573,580,+,-3.86986,0.0861,0.954,TGGGTTAT
gt,50,63,+,-5.78916,0.0862,1,GGTTACCCGGTACT
bcd,105,112,-,-1.07143,0.0867,1,GCCAGCTT
bcd,608,615,+,-1.07143,0.0867,1,GCGAGCTT
hb,802,809,-,-3.89041,0.0868,0.954,TTTCGTTG
gt,621,634,-,-5.81928,0.0869,1,GCCCGGCTCAAAAC
hb,281,288,+,-3.90411,0.0871,0.954,ATTTAGAC
kr,549,557,+,-1.02959,0.0872,0.918,AACGCAATT
bcd,667,674,+,-1.09524,0.0874,1,TTTGGCCA
bcd,669,676,-,-1.09524,0.0874,1,TTTGGCCA
hb,13,20,+,-3.91781,0.0876,0.954,AATTTGAA
hb,820,827,-,-3.91781,0.0876,0.954,AATTTGAA
vfl,4,11,-,-2.75248,0.0877,1,TTGGGTTA
vfl,212,219,+,-2.75248,0.0877,1,TCGAGTTA
kr,81,89,+,-1.04142,0.0877,0.918,GAACCGTAA
gt,835,848,+,-5.85542,0.0877,1,GGCAACTGGGTTCC
bcd,258,265,+,-1.10714,0.0878,1,GTAACACG
bcd,273,280,+,-1.10714,0.0878,1,ATACTTTC
kr,140,148,+,-1.04734,0.0879,0.918,AATCCGTTT
kr,829,837,-,-1.04734,0.0879,0.918,GCCGGGACT
hb,481,488,+,-3.93836,0.0882,0.954,TTTCATTA
hb,711,718,+,-3.94521,0.0884,0.954,GGTTTGCT
gt,13,26,-,-5.89157,0.0885,1,AGTTACTTCAAATT
gt,455,468,-,-5.89157,0.0885,1,TGGGATTGGGATTG
gt,862,875,+,-5.89157,0.0885,1,CCATGTTCTGCGGG
kr,789,797,-,-1.08284,0.089,0.918,AAACATTTA
hb,200,207,+,-3.96575,0.089,0.954,CTCGTTTC
hb,251,258,+,-3.96575,0.089,0.954,CAGTTTGG
hb,888,895,+,-3.96575,0.089,0.954,TTATCTCG
vfl,406,413,+,-2.75743,0.0891,1,TTAGCCAA
vfl,406,413,-,-2.75743,0.0891,1,TTGGCTAA
slp,765,772,-,-2.06931,0.0891,1,ATTCCCAG
bcd,418,425,-,-1.16071,0.0895,1,CAAGTCAA
bcd,490,497,+,-1.16071,0.0895,1,AAAGTCAT
bcd,413,420,-,-1.16667,0.0896,1,CAAGCCCT
hb,45,52,+,-3.9863,0.0897,0.954,TTCCTGGT
bcd,482,489,+,-1.17262,0.0898,1,TTCATTAG
gt,413,426,-,-5.95181,0.0899,1,CCAAGTCAAGCCCT
hb,209,216,+,-4.00685,0.0902,0.954,CTTTCGAG
hb,775,782,+,-4.00685,0.0902,0.954,TTATATCA
kr,550,558,+,-1.11834,0.0903,0.918,ACGCAATTA
gt,526,539,-,-5.96988,0.0903,1,TGCGCGCCCCTAAT
hb,768,775,-,-4.0137,0.0904,0.954,ATCATTCC
vfl,181,188,+,-2.78713,0.0905,1,GCAGCGTT
vfl,352,359,+,-2.78713,0.0905,1,GCCGATCT
vfl,347,354,-,-2.78713,0.0905,1,GGCGGAAT
slp,37,44,-,-2.08911,0.0905,1,GGATACCT
kr,363,371,-,-1.12426,0.0906,0.918,ATGGCGATG
kr,490,498,-,-1.12426,0.0906,0.918,TATGACTTT
kr,586,594,-,-1.12426,0.0906,0.918,GTCGGCGCA
hb,470,477,+,-4.02055,0.0906,0.954,TCCCTTGT
slp,41,48,-,-2.09406,0.0907,1,GGAAGGAT
slp,93,100,+,-2.09406,0.0907,1,GGACAGAT
bcd,289,296,-,-1.20238,0.0908,1,TCGATTCC
gt,226,239,-,-5.99398,0.0909,1,CAAGATGCTGCAAT
kr,155,163,+,-1.14201,0.0912,0.918,AGCGAGATT
bcd,305,312,-,-1.22619,0.0915,1,TATAGTCC
slp,844,851,+,-2.16832,0.0918,1,GTTCCCAT
hb,280,287,+,-4.06164,0.0919,0.962,CATTTAGA
slp,217,224,+,-2.18317,0.0928,1,TTAGACTT
hb,815,822,+,-4.10274,0.0929,0.965,AACTTTTC
kr,737,745,-,-1.19527,0.0929,0.918,CCGGGATAG
bcd,752,759,+,-1.27381,0.093,1,TACAGTTG
gt,826,839,+,-6.08434,0.093,1,TTAAGTCCCGGCAA
bcd,370,377,+,-1.27976,0.0932,1,ATCTTCTG
bcd,864,871,+,-1.27976,0.0932,1,ATGTTCTG
kr,36,44,+,-1.2071,0.0933,0.918,GAGGTATCC
vfl,27,34,+,-2.84653,0.0934,1,GGCAGGAG
vfl,264,271,-,-2.84653,0.0934,1,GCACAGCG
vfl,328,335,-,-2.84653,0.0934,1,GCAACCCG
vfl,362,369,-,-2.84653,0.0934,1,GGCGATGG
vfl,410,417,-,-2.84653,0.0934,1,GCCCTTGG
vfl,632,639,+,-2.84653,0.0934,1,GGCAGCAG
slp,234,241,-,-2.18812,0.0934,1,TTCAAGAT
bcd,8,15,+,-1.29167,0.0936,1,CCAATAAT
hb,779,786,+,-4.13699,0.0938,0.965,ATCATCAT
vfl,652,659,-,-2.91089,0.0939,1,TGGGGTCC
bcd,223,230,+,-1.30952,0.0943,1,TTTATTGC
slp,314,321,+,-2.21287,0.0944,1,TCGCACAA
slp,680,687,+,-2.21287,0.0944,1,CCAAGCTA
kr,655,663,-,-1.2426,0.0945,0.918,ATCGTGGGG
slp,801,808,+,-2.21782,0.0946,1,CCAACGAA
hb,500,507,-,-4.16438,0.0946,0.965,ATGTGTTT
kr,29,37,+,-1.25444,0.095,0.918,CAGGAGCGA
kr,578,586,-,-1.26036,0.0952,0.918,AAAAAAATA
bcd,143,150,-,-1.33929,0.0952,1,GCAAACGG
bcd,774,781,+,-1.33929,0.0952,1,ATTATATC
kr,194,202,-,-1.26627,0.0953,0.918,GAGGACGAA
slp,20,27,+,-2.26733,0.0956,1,AGTAACTG
slp,103,110,+,-2.26733,0.0956,1,AAAAGCTG
slp,574,581,-,-2.26733,0.0956,1,AATAACCC
hb,487,494,-,-4.21233,0.0958,0.965,ACTTTCTA
kr,94,102,+,-1.27811,0.0958,0.918,GACAGATCG
bcd,492,499,-,-1.3631,0.096,1,TTATGACT
kr,602,610,-,-1.28994,0.0962,0.918,CGCGGATCA
gt,409,422,+,-6.22892,0.0964,1,GCCAAGGGCTTGAC
kr,674,682,-,-1.30178,0.0966,0.918,TGGAGGTTT
bcd,620,627,-,-1.38095,0.0966,1,TCAAAACG
slp,476,483,-,-2.27228,0.0966,1,AAAAGGAC
slp,488,495,+,-2.27228,0.0966,1,AGAAAGTC
kr,28,36,+,-1.30769,0.0967,0.918,GCAGGAGCG
vfl,165,172,+,-3.03465,0.0967,1,TTAGTCAA
gt,731,744,-,-6.24096,0.0967,1,CGGGATAGTGCCTC
kr,311,319,-,-1.31361,0.097,0.918,GTGCGATTA
slp,241,248,+,-2.28218,0.0971,1,ACAATCGT
kr,660,668,-,-1.31953,0.0973,0.918,AAAAAATCG
kr,732,740,-,-1.31953,0.0973,0.918,ATAGTGCCT
hb,373,380,+,-4.26712,0.0973,0.965,TTCTGCGG
hb,867,874,+,-4.26712,0.0973,0.965,TTCTGCGG
gt,20,33,-,-6.27108,0.0975,1,TCCTGCCAGTTACT
gt,777,790,-,-6.27108,0.0975,1,TATTATGATGATAT
kr,188,196,-,-1.32544,0.0976,0.918,GAAAGCGAA
kr,870,878,+,-1.32544,0.0976,0.918,TGCGGGCAG
kr,549,557,-,-1.33136,0.0978,0.918,AATTGCGTT
hb,724,731,-,-4.28767,0.0978,0.965,CCTCTTTT
gt,269,282,+,-6.28916,0.0979,1,TGCCATACTTTCAT
vfl,226,233,-,-3.06436,0.0981,1,GCTGCAAT
vfl,286,293,+,-3.06436,0.0981,1,GACGGAAT
hb,126,133,+,-4.30137,0.0981,0.965,GTGTGTGC
hb,822,829,-,-4.30137,0.0981,0.965,TTAATTTG
hb,860,867,+,-4.30822,0.0983,0.965,TTCCATGT
gt,509,522,-,-6.30723,0.0983,1,TTCGACATCATTAT
hb,547,554,-,-4.32192,0.0986,0.965,TGCGTTGC
hb,207,214,+,-4.32877,0.0988,0.965,CACTTTCG
kr,299,307,-,-1.36095,0.0988,0.923,TCCAGGGTC
bcd,576,583,-,-1.44643,0.099,1,AAAATAAC
gt,201,214,+,-6.34337,0.0992,1,TCGTTTCACTTTCG
bcd,336,343,+,-1.45833,0.0992,1,GAAGTCAG
vfl,41,48,-,-3.06931,0.0993,1,GGAAGGAT
hb,666,673,+,-4.37671,0.0997,0.965,TTTTGGCC
vfl,123,130,+,-3.11881,0.0997,1,GCTGTGTG
vfl,346,353,-,-3.11881,0.0997,1,GCGGAATG
bcd,354,361,-,-1.47619,0.0999,1,CTAGATCG
bcd,503,510,-,-1.47619,0.0999,1,ATTATGTG
hb,575,582,+,-4.38356,0.0999,0.965,GGTTATTT
